dataID	context	indices_target_token	indices_target_sentence	lemma	group
310	"#Fantasy Recommendation by @user :Jackie #Bradley Jr. While the Red Sox season may b... #Alarm"	0:0	0:0		
84	@user and im seeing Ed live this Saturday at b'ham NIA! It would be amazing to get the book signed. Thanks for putting it together	0:0	0:0		
85	Church tonight, who will you bring????	0:0	0:0		
86	Q_Q Today was the day that Naruto shippuden: UNS4 was suppose to come out. WHYYYYYYY DID THEY PUSH IT ALL THE WAY TO JAN???? HELLO	0:0	0:0		
87	Pics of the March Fourth Marching Band at the Oregon Country Fair closing out the show Sunday night. Their...	0:0	0:0		
88	The audio booth is ready to blow the roof off the Comcast Center tomorrow! Are you? #MDMadness	0:0	0:0		
89	welllll who wants to see Ed Sheeran with me on the 17th????	0:0	0:0		
90	GOALdotCOM: Premier League Team of the Week: Van Persie & Aguero both star after City & Arsenal wins	0:0	0:0		
91	The Hitchhiker's Guide to the Galaxy Game - 30th Anniversary Edition Need to sign up with the BBC online.	0:0	0:0		
92	I'm seeing Ed Sheeran on Wednesday in Miami so if you wanna meet up or say hi hmu!	0:0	0:0		
93	Chuck Close shares his best-kept secrets with @user on the eve of his new show, opening Thursday @user	0:0	0:0		
59	Trump is holding informal policy sessions with confidants in the lead-up to the debate, including possible vice presidential contenders. Vance spoke with Trump about the economy and inflation, and Rubio met with Trump when the former president was in Washington, D.C., this month.	0:0	0:0		
94	Vermaelen the hero for Barca: Thomas Vermaelen was the unlikely hero as Barcelona laboured to a 1-0 home win over Malaga on Saturday ...	0:0	0:0		
95	@user I\u2019m sick with something ill be at school on Monday though	0:0	0:0		
96	There's something about Friday Night Lights, you just get chills thinking about it .	0:0	0:0		
60	His Saturday comments came during a stop at a Philadelphia restaurant ahead of a rally. Pennsylvania is expected to be a vital swing state on the road to the White House. Biden flipped Pennsylvania blue in 2020 and continues to campaign across the state as the election approaches.	0:0	0:0		
222	Dunkin tomorrow morning is@the only reason I'm getting out of bed	0:0	0:0		
61	What a difference not having Sterling on the pitch makes! Welbeck dragged wide 1st half, the Ox replaces Sterling, Welbeck down middle, goal	0:0	0:0		
62	Once a swashbuckling media company geared to a younger audience with an immersive storytelling style that encompassed digital, television and film outlets, New York-based Vice was valued at $5.7 billion in 2017.	0:0	0:0		
28	Vampettes we are back on the 21st place keep tweeting with the hashtag #MTVStars The Vamps #MTVStarsOf2015	0:0	0:0		
63	He said it was no longer cost-effective for Vice to distribute its digital content, including news, the way it has been. He said Vice would put more emphasis on its social channels and look for different ways to distribute its content.	0:0	0:0		
0	When Julian Assange published a huge cache of leaked files in 2010 that provoked global uproar over US tactics in foreign conflicts, he could hardly have foreseen the long legal battle ahead would culminate on a remote ocean archipelago.	0:0	0:0		
1	In 1975, residents of the islands voted to join the US as a territory, and this status was formalised in 1986. The change gave them a permanent delegate in the US House of Representatives and awarded residents of the islands US citizenship.	0:0	0:0		
2	Her team is made up of the people already appointed: the liberal Estonian Prime Minister Kaja Kallas is to be given the post of EU High Representative for Foreign Affairs. The former Portuguese Prime Minister António Costa will be President of the Heads of State and Government for two and a half years. The socialist will then be responsible for preparing and leading the EU summits.	0:0	0:0		
3	After the June summit, von der Leyen could be confirmed by the European Parliament as early as July 18. The rapid pace of the new appointments is due to the uncertain global situation, but also to the uncertain future of the balance of power in Paris and Berlin. At least the house in Brussels should be in order.	0:0	0:0		
4	The top positions in the EU should be evenly distributed regionally. This is now the case, with Estonian Kaja Kallas taking over as head of the foreign service alongside the German and Portuguese. The Prime Minister had unsuccessfully applied for the post of NATO Secretary General. She lost out to the Dutchman Mark Rutte. Now her chances are good.	0:0	0:0		
5	The sharp-tongued Kallas is a hawk when it comes to Russia policy. She would amplify the voice of those Eastern Europeans, the Poles, the Balts, but also the Romanians, who take a hard line against Putin. This was also a risk for her nomination. There are critics who accuse her of focusing her foreign policy too narrowly on her neighbor to the east. But the desire to strengthen Eastern Europe prevailed.	0:0	0:0		
29	I would also like to thank Professor Hai-Sui Yu who has led our institution and community throughout the intervening period with incredible skill, energy, and diplomacy. He has reinvigorated our approach to research, student education, staff engagement and strategic change and set the conditions for further success. I look forward to continuing to work with him in his interim role and thereafter as our excellent Provost and Deputy Vice-Chancellor.	0:0	0:0		
6	We meet Leggeri in a Brussels café during the European elections. With the RN's third place on the list, his election is a formality. Marine Le Pen's party celebrated his appointment as a coup. After all, in their eyes, Leggeri is not only an intimate connoisseur of Brussels bureaucracy, having headed the EU's largest agency for seven years. He also presented himself as an expert in migration policy who - if left-wing NGOs had not constantly hindered his work - would have protected Europe's borders much better.	0:0	0:0		
7	Fabrice Leggeri, the son of an Italian immigrant, was born in Alsace in 1968. He had a successful school and civil service career in the capital: first in the French Ministry of the Interior, then for a time as an expert at the Commission in Brussels. Together with colleagues, he proposed to the Commission in 2002 that a European border guard be set up. Two years later, Frontex was founded, and after eleven years Leggeri was appointed its head.	0:0	0:0		
8	In an interview with DW, Chad Blewitt, the managing director of Rio Tinto's Jadar mine in northern Serbia, said they want to ''get out of the disinformation, all the false claims, and have a fact based dialogue.''	0:0	0:0		
9	@user @user CENA AJ sitting in a tree K-I-S-S-I-N-G 1st goes AJ's  job then John's cred then goes Vicki with the GM position.	0:0	0:0		
10	We have to invest in bringing a new capacity and if we do this in a place that is not China, then the monopoly that China has right now resolves by itself, he told DW. The Serbia example would be exactly what I would advocate for: Basically bringing new capacity in places that are not China that actually diversify refinement. And then if we do this in enough places, eventually market shares will go down and we only have to worry about price fluctuations.	0:0	0:0		
11	Gershkovich, his newspaper and the US government all reject the allegations. They say he was merely doing his job as a reporter accredited by Russia's Foreign Ministry to work in the country.	0:0	0:0		
12	Habeck is the first high-level European minister to visit China since the EU announced its tariff proposal. Brussels argues that Beijing's largesse with government subsidies gives Chinese carmakers an unfair advantage over European manufacturers.	0:0	0:0		
13	That sucks if you have to take the SATs tomorrow	0:0	0:0		
14	China has railed against the proposal, threatening a trade war as its automakers urge leadership in Beijing to level import taxes on European internal combustion vehicles.	0:0	0:0		
15	Fiorentina have reportedly opened talks with Chelsea over taking the 20yr old Kurt Zuoma on loan in January.	0:0	0:0		
16	This is a German government China strategy, so what is missing is the European approach, said Habeck, adding that sooner or later an update would be required, though without spelling out how the strategy would evolve.	0:0	0:0		
17	Falling seems to be a huge issue for the elderly, has anyone found a viable solution? Answer by Samantha Hunter, Clinical Senior: There are a few things that we can encourage everyone to do to help reduce their falls risk	0:0	0:0	Michael Kaiyatsa, executive director for the Centre for Human Rights and Rehabilitation, one of several organizations in Malawi that asked for an independent investigation into the crash, welcomes the move.	
18	Amy Schumer sat down with The Hollywood Reporter and opened up about the sexist remarks and unnecessary criticism she's faced since	0:0	0:0		
19	We need to know if they are from Germany, which company in Germany, and what is the track record that they have been doing similar jobs. For example, investigating such accidents, and for how long they have done that, and what are the reports they have,” Kaisi said.	0:0	0:0		
20	Kunkuyu said two of the investigators are from the German Federal Bureau of Aircraft Accident Investigation, and one is from General Atomics, a company that has taken over the manufacture of Dornier 228 aircraft.	0:0	0:0		
21	We are incredibly fortunate to have Erik join the PUMAFamily, and I am confident that his leadership will drive us towards our ambitious goals to elevate our DTC consumer experience to drive further brand heat,” said PUMA CEO Arne Freundt. “His innovative approach and passion for consumer-centric strategies will undoubtedly be an asset for our DTC business.	0:0	0:0		
22	Under her leadership, the University of Nottingham’s research focus has emphasised interdisciplinary collaboration, culture, and innovation to address global challenges, excelling in fields such as global food security, sustainable energy, and new developments in ultra-high field MRI scanning technologies. The university improved its placing in each of the three key measures determined by REF2021 and was ranked 7th in the UK for Research Power.	0:0	0:0		
23	Oscars Well makes his debut over fences at Punchestown tomorrow. It looks as though he\u2019ll have Plan A and Darwins Fox to overcome.	0:0	0:0		
24	Q2 10:30. Philip Rivers pass to Eddie Royal to the San Diego 19 for 7 yards. 3rd & 1.	0:0	0:0		
25	Professor West has been appointed following a global recruitment competition. The Council – the University’s governing body – approved the appointment following a unanimous recommendation from a panel chaired by the Chair of Council, Alastair Da Costa and consisting of members of Council, Senate, Leeds University Union, and the University Executive.	0:0	0:0		
26	The current Interim Vice-Chancellor and President Professor Hai-Sui Yu will continue in role until 31 October 2024, when he will revert to his substantive role as Provost and Deputy Vice-Chancellor and Provost having led the University for a year. In his interim role, Professor Yu has led a programme to improve the University’s approach and performance with a focus on excellence in research, student education, staff engagement, and strategic change.	0:0	0:0		
27	“Professor West has an innate understanding for how the highest quality research, innovation and student education can support a dynamic global outlook alongside an impactful contribution to our region and the communities that live within it. She also brings an astute perception of the ability of higher education to advance fairness and equality, within our own community and far beyond.	0:0	0:0		
30	Riggs accepted the position in January, and began sitting in remotely on some meetings, or in person if he was in Hastings, as he finished out his time as Dean of Graduate and Education Programs at Flagler College in St. Augustine, Florida, a position he held since 2019. He also served in several administrative and faculty leadership positions at Flagler, including Dean of Flagler-Tallahassee, inaugural Dean of the School of Humanities and Sciences and chair of the multi-disciplinary Humanities Department. He began his time at the school in 2007 as an associate professor of history.	0:0	0:0		
31	Looking forward to going to Carrow Rd tonight. Last time we were there\u002c Bale scored 2 and we were 3rd. Do not want extra time though	0:0	0:0		
32	Riggs accepted the position in January, and began sitting in remotely on some meetings, or in person if he was in Hastings, as he finished out his time as Dean of Graduate and Education Programs at Flagler College in St. Augustine, Florida, a position he held since 2019. He also served in several administrative and faculty leadership positions at Flagler, including Dean of Flagler-Tallahassee, inaugural Dean of the School of Humanities and Sciences and chair of the multi-disciplinary Humanities Department. He began his time at the school in 2007 as an associate professor of history.	0:0	0:0		
33	Throughout his career, Wayne has built dynamic educational programs while supporting students and leading in a way that builds trust among students, faculty and staff,” said Hastings College President Dr. Rich Lloyd. “He is a true believer in the power of education and the liberal arts, and the rewarding experiences that come with being involved in your community. We are thrilled he is here.	0:0	0:0		
34	MEPs asked Mr. Šefčovič how he would coordinate EU climate action and requested a commitment for the proposal by the Commission of a science-based EU climate target for 2040. They also probed Mr Šefčovič on how he would ensure the full and timely implementation of EU environmental laws in all EU countries, including the legislation adopted under the Green Deal, and asked for an overview of new measures and proposals the Commission is scheduling for release before the European elections.	0:0	0:0		
35	Based on the committee’s recommendations and the assessment by Parliament’s Conference of Committee Chairs, the Conference of Presidents will conduct the final evaluation and decide whether to close the hearing process and hold a plenary vote.	0:0	0:0		
36	This event provided an opportunity to reflect on MPE’s achievements and discuss the challenges and opportunities to position rigid metal packaging as the ideal partner for a sustainable future,” MPE CEO Krassimira Kazashka says. “The expertise and passion that Dr. Mandy Glew and JehanZeb Noor bring to MPE will be instrumental in achieving these goals	0:0	0:0		
37	While its news division captured praise for its reporting, Vice found itself ensnared in various business difficulties and executive changes, including the 2018 resignation of co-founder Shane Smith and the departure of his successor, chief executive Nancy Dubuc, earlier this year.	0:0	0:0		
38	Gucci pants himself store january lay open the span thine atomic irruptive concomitant so that cons comburent:...	0:0	0:0		
39	Vice Media joins a long list of digital publishers that have announced painful layoffs in recent months. Startup news outlet The Messenger shut down last month, Business Insider cut 8% of its staff and BuzzFeed said Wednesday that it will slash 16% of its workforce as it plans a new strategic direction.	0:0	0:0		
40	I may or may not buy myself the illustrated version of Harry potter for my birthday	0:0	0:0		
41	I wanna see STUDIO FOOTAGE SO BAD. We are about to hear some unreleased STUFF! Likeeeeeeeeee I can\u2019t wait until Sunday.	0:0	0:0		
42	@user how the hell does every one else get to keep their religious and 1st amnt rights, except Christians!!! This is just wrong!!!	0:0	0:0		
43	A @user rule change should allow Carly Fiorina to earn a spot on the main stage for the 2nd Republican debate.	0:0	0:0		
44	TFI Friday doesn't look like it's coming back, as Chris Evans focuses on new-look Top Gear	0:0	0:0		
45	"#np The Way You Make Me Feel - 2012 Remaster by Michael Jackson from the album Bad 25th Anniversary."	0:0	0:0		
46	I'm going to see Paper Towns. Saturday, 22 August 2015 at 17:40 in Leigh #Cineworld	0:0	0:0		
47	@user Yepo I came in Milan it was my 1st concert and it was so good you guys did an amazing job! You are flawless live like PERFECT!	0:0	0:0		
48	"#days #dool Tuesday Hope has to pick up Ciara. Rafe wants a real case not just publicity like Justin"	0:0	0:0		
49	Seth Rollins talks &amp; talks every Monday on RAW for about 45 minutes	0:0	0:0		
50	Thanks manager for putting me on the schedule for Sunday	0:0	0:0		
51	I'm sat at work just laughing at all these Hulk Hogan tweets. Hahha ffs	0:0	0:0		
52	@user #MLBCentral David Wright crushing a dinger on his first swing since April 14th. I didn't think he would pull a Wilmer Flores!	0:0	0:0		
53	I feel like the new Janet Jackson single is bringing back 90s R&amp;B. via @user	0:0	0:0		
54	Anyone want to see Sam smith with me on October 6th?	0:0	0:0		
55	This Friday OUTHOUSE is playing at Still Partners in Sea Cliff ! Hop on the Expressway to Nirvana!	0:0	0:0		
56	You can't shit talk Kpop. Every group is so in sync and vocally on point. It may not be your thing, but it's talent.	0:0	0:0		
57	I hope Milan mom say that she can come over on the 28th	0:0	0:0		
58	Sources familiar with the selection process told NBC News that Burgum and Vance are considered the top two finalists. Rubio is still being considered, though a constitutional hiccup would require that either Trump or Rubio establish residency outside of Florida.	0:0	0:0		
64	The Vice story is about a few things at once. It’s about the struggles of the digital advertising market for everyone other than Google, Meta, and Amazon. It’s about a shocking degree of ineptitude and grift from the people in charge, who lavished one another with enormous bonuses while the business they led was disintegrating last year. And it’s now also about a belief from executives that they can wring a useful business out of a media company’s name without doing anything to support a media company’s work. Vice’s website will become a glitzy store selling no new products, a ghost ship that still flies its old banner but doesn’t have anyone on deck. And when a media company stops producing media, it’s nothing but a bleak symbol of how its bosses see the world.	0:0	0:0		
65	What is a media company for when it stops publishing work? Historically, the question would not compute. A TV channel would go off the air, or a newspaper would stop showing up at your door, and that would be that. Vice will still just sit there. Most people don’t follow media news, so some decent number will still navigate to Vice for a time before they realize nothing new is happening. Google’s algorithm is a mystery, and perhaps Vice will continue to generate enough search traffic for a while that executives can keep taking nice bonuses for a job well done. The Wall Street Journal reported that Vice will emphasize its “business-to-business media arm, including its production studio and creative agency.” That sounds like the cessation of editorial activities and a pivot to making sponsored content that you see on YouTube every once in a while, but who knows? It does not sound anything like journalism, so while Vice the company may not be gone, Vice the news brand has surely gone to internet heaven.	0:0	0:0		
66	The same thing happened when a deep-pocketed media exec tried to recapture the old magic of Gawker, a once-great site that died in its old form after a vindictive Hulk Hogan lawsuit. The revival was intriguing, and the rebooted Gawker got a few good writers. But it did not work and never felt like the old thing. Now it’s gone, its archives living on a separate site, but the plague of companies trying to capitalize on media brands without developing the product that built those brands goes on. Sports Illustrated is currently on life support, its operator poised to lay off all or most of its remaining full-time staffers this spring, but its owner has nonetheless been trying to open Sports Illustrated–branded resorts in college towns.	0:0	0:0		
67	The sad thing is that this kind of tactic might make money. I doubt it makes a lot of money, because nowhere in the business genius handbook does it say that gradually degrading iconic brands is a way to create value in the long term. But media brands do build cultural cachet from the work their staffers produce, and I’m not sure that ordinary people are so attuned to their decline that they wouldn’t want to support the zombified versions that exist today. Deadspin’s traffic is not what it used to be, but it’s still something. It probably doesn’t matter to the algorithms that the site has not published work that caught my eye in years. Sports Illustrated’s leaders have taken a paragon of sports journalism and hit it repeatedly with a hammer, but why wouldn’t some sporty dad visiting campus for Parents Weekend at least think about staying in an SI-branded hotel? The tanking of these companies isn’t good business, but it might yield enough returns that the perpetrators feel smart.	0:0	0:0		
68	@user Last Wednesday, when I saw you dressed as Robin, all I can think about is Who's Batman? Where's the Teen Titans?	0:0	0:0		
69	That will be the hope of Fortress Investment Group, leader of the collection of investors who plucked Vice out of bankruptcy for $350 million last year. (In 2017, Vice achieved a $5.7 billion valuation in private markets and looked like it could become the biggest digital media business anywhere.) The domination of the ad market by tech behemoths means that Vice never had a chance to keep that valuation for long, but the company’s journalists still built a great brand. Now private equity is in charge, and the money does not believe in trying to rebuild Vice back into a thriving (if not quite $6 billion) media company under a name people care about. Instead it wants to bleed Vice’s name for whatever it’s worth. That might work out well for the investors’ cash flows, or it might not, but either outcome is totally disconnected from whether Vice creates interesting work for the rest of us. After all, making cool stuff was Vice’s work of yesterday. Its work of tomorrow is to sit there and hope enough potential clients forget what it was once good at.	0:0	0:0		
70	“This decision was not made lightly, and I understand the significant impact it will have on those affected,” Dixon told staffers in the memo obtained by CNN, adding that employees impacted will be notified early next week.	0:0	0:0		
71	@user @user at da end of da night no girl that roll with me is on da MTA! They are above that as long as I can afford that!	0:0	0:0		
72	@user SCOTUS based their argument on the 14th. No matter how you stretch it race was not involved.	0:0	0:0		
73	My mom's over here tryna tell me that we're taking the CAHSEE tomorrow ._. Nigga it's only the second month of school.. #SlowYourRoll	0:0	0:0		
74	Rahul Gandhi held Indian citizenship from day one: Congress: New Delhi, Nov 18: Dismissing BJP leader Subraman...	0:0	0:0		
75	I'm going to Paramore at Rock Im Park in Nuremburg, Germany - Jun 8	0:0	0:0		
76	Happy Birthday Nick J  May you live long and Happy :)	0:0	0:0		
77	ECHO: Sex offender is warned he may face jail over offences #Dorset	0:0	0:0		
78	I hope Bernie Sanders is a sun and the other two are shooting stars or black holes.	0:0	0:0		
79	Shows how much you can trust drivers answering these questions. Alonso was still saying on Monday that Ferrari split is just a rumor. #F1	0:0	0:0		
80	Who else is going to the Chris brown tour this Thursday #ChrisBrown#onehellofanighttour	0:0	0:0		
81	Your inspirational quotes on twitter/Feb never really got to me. But oh damn ur pics of them on IG have truly inspired me. #idiots	0:0	0:0		
82	Another beauty of a day in Athens\u002c Greece. I trust you\u2019ll have an exceptional Friday wherever in the world you are. Much love.	0:0	0:0		
83	Another great night in Split, off to Hvar on the 8:30 ferry tomorrow morning... dreading the packing but excited to get there!	0:0	0:0		
97	Googled the snake I stepped over on the trail Sunday. Baby timber rattler. So time to Google snake-proof hiking boots.	0:0	0:0		
98	@user Also, his anger against Hindus are justified but couldn't get why he was so anti Islam..may be he was just fed up of religions	0:0	0:0		
99	Ricky Ponting and I now have something in common. Today he passed 23\u002c000 1st class runs. Last night at training\u002c i was hit for 23\u002c000 runs.	0:0	0:0		
100	Ted Nugent talks to us about #hunting and other stuff he\u2019s got on his mind @user this Saturday at 7am on the Great Outdoors\u002c #nuge	0:0	0:0		
101	Check out Newsha Tavakolian at the Saatchi Gallery in London. Her photos of Iran may interest some of you!	0:0	0:0		
102	Mansbridge destroyed Justin tonite the polls for the lib's should tank tomorrow! Wake up people he is NOT ready!!	0:0	0:0		
103	For the ones tomorrow sunday in Milan (Italy): Aperitif and evening at Fiat Open Lounge:	0:0	0:0		
104	J'regarde des infos sur Ragnarok (le film) &amp;bon: Thor will make it out of the third movie[..]Loki, on the other hand may not be so Lucky.	0:0	0:0		
105	@user Donald trump said the same thing about the tax rate.  Fact check said he was a liar pant of fire	0:0	0:0		
106	If you\u2019re calling this little thing right here a \party\ then Friday night\u2019s gonna be Project X\u002c Y\u002c & Z.	0:0	0:0		
107	Love this vid!! 1st time I\u2019ve seen it!--- jules explains it all - David Archuleta sings \Nandito Ako.\ via @user	0:0	0:0		
108	@user @user Not just Christians, you are in the prayers of all of us humans.May you stay safe and be free soon!God bless.	0:0	0:0		
109	Happy birthday @user ! National Bieber Day . Now he\u2019s 18th years\u002c but he\u2019s #stillkidrauhl #IndonesiaSaysHBDforJustinBieber	0:0	0:0		
110	If you put one over the plate he's gonna fuck you up  Called it, Kris Bryant with his 21st	0:0	0:0		
111	Good luck to Girls Tennis as the take on South Torrance today on 1st round CIF! #GoLions2012	0:0	0:0		
112	\Hey\u002c you\u2019re missing Beauty and the Beast\u002c Vampire Diaries & Grey\u2019s Anatomy right now on TV. Saturday is Merlin\- @user #sisterlife	0:0	0:0		
113	Decided to watch Rick and Morty will probably watch Naruto tomorrow such a good movie hits ya right in the feels	0:0	0:0		
114	first Hasek now Modano want to come back...who's next Mario Lemieux for the 4th time!	0:0	0:0		
115	@user isn\u2019t it just!  staying in and watching the lovely James Martin on Saturday kitchen. Great pumpkin soup recipe to warm u up	0:0	0:0		
116	@user how was your day today? Did you enjoy watching softball. We missed you on tiger woods	0:0	0:0		
117	And to think I wrote this Dustin Johnson Tweet after the second round of the British Open	0:0	0:0		
118	Just Turned the corner into Ghetto n #Roma 1st thing I saw a group of Muslims! Now that's tourism for ya. It's a sm world after all #peace	0:0	0:0		
119	Be sure to look for Nash's new video with Skylynn tomorrow #NashNewVideo love you @user	0:0	0:0		
120	Who wants to be my date to the White Sox vs Red Sox game Tuesday	0:0	0:0		
121	At long last, Lexus has developed a hoverboard, the 'Slide,' to be tested in public for the first time on Wed.	0:0	0:0		
122	I noticed all the Huddlestone haters were conspicuous by their absence yesterday\u002c particularly when he assisted Bale for the 1st goal #THFC	0:0	0:0		
123	Unexpected development-- saw Ant-Man on Saturday night in London. It was surprisingly charming. I actually quite enjoyed it.	0:0	0:0		
124	Tomorrow is Star Wars day! New movie! And is @user and @user birthday! Great, isn't? @user	0:0	0:0		
125	Sun is shining... Bob Marley on the radio... hiya Monday!	0:0	0:0		
126	Hope, Love &amp; Laughter; Warmth, Prosperity &amp; Joy; A fragrant bouquet filled with life; You may Enjoy! A very happy Eid -	0:0	0:0		
127	'Frank Ocean' appeared on Sunday 16 at the 11th place in the Top20 of Dallas-Ft. Worth's Trends: #trndnl	0:0	0:0		
128	Also may take years to figure out if the song reaching #1 or John Cena co-opting I Can't Feel My Face as his signature tagline is stranger	0:0	0:0		
129	Yakub death may be unfortunate bt we shud respect SC's decision n not vitiate atmosphere in the name of religion #YakubToHang #YakubVerdict	0:0	0:0		
130	Its the 1st video without zayn and its still perf #DragMeDownMusicVideo	0:0	0:0		
131	Has anyone ever seen @user and Iron Maiden's Bruce Dickinson together in the same room?	0:0	0:0		
132	Why does everyone want to give Eli Manning credit for every win. The truth is Sunday\u2019s game should have been a blowout.	0:0	0:0		
133	The pics were taken on a 2004 Nokia, and it's really blurry and may induce cataracts. Just a heads up.	0:0	0:0		
134	I think this was the first night of Louis with Briana? (That's not her tho) I saved it on April 17 but I DK	0:0	0:0		
135	On Monday im going to eat so much you might as well call me Jordan and Ally. Im so fucking hungry.	0:0	0:0		
136	Be prepared to listen about Nicki and Miley tomorrow at school, or maybe Kanye	0:0	0:0		
137	@user I just wonder how peter is the 1st pope when the Romans crucified him 200 years before Christianity was legalized in Rome	0:0	0:0		
138	Sky : Melo and Perisic are set to debut in the Inter shirt against Milan in next Sunday's derby. Icardi is also probable.	0:0	0:0		
139	@user You really want to go there? He had a gr8 Milan team from 03 to 06. He finished 1st, 2nd and 2nd to a team that was relegated 4..	0:0	0:0		
140	Christianity is nothing else but the imitation of God\u2019s nature.  We seek a relationship with God through Jesus ...\Lord that I may see\.	0:0	0:0		
141	Wrap-up: Broncos 34, Saints 14:  Thoughts on the New Orleans Saints' 34-14 loss to the Denver Broncos on Sunday ...	0:0	0:0		
142	@user big ups SL!!! Copped the 10.5 Gucci's missed out Friday!!!	0:0	0:0		
143	Officially going to the Kenny Chesney, Jason Aldean, Brantley Gilbert, and Cole Swindal concert on Saturday!! Excited beyond words!!	0:0	0:0		
144	Join @user now for boosted 4/1 Arsenal &amp; Chelsea both to win in the #BPL tomorrow. #AFC #CFC	0:0	0:0		
145	Snoop Dogg is playing at the State Fair on Wednesday and I wANnA GO sOooOoO BAd	0:0	0:0		
146	@user Hi, I have a sneaking suspicion Barack Obama and Sarah Palin may be part of the DKEU. Can you find out, please?	0:0	0:0		
147	2nd half about to start. No subs for the Red Stars to begin the half. WNY kicking off. 45 to go....	0:0	0:0		
148	Six good reviews for the new Deus Ex. I'm going to pre-order it today, I've seen enough coverage to know it's going to be worth a look.	0:0	0:0		
149	Bob Marley playing in the lab. Happy Saturday!!	0:0	0:0		
150	October day 1 was good :-)  Goodnight taking the CAHSEE tomorrow . Hope i pass :)	0:0	0:0		
151	@user yea I was just thinking that! Btw Reece is going to be in Kyle and Jackie O tomorrow I think.... In the studio	0:0	0:0		
152	Our paper needs to be turned into blackboard and Google by midnight on friday it needs to be less than 17 % on blackboard!!! #aumrsch	0:0	0:0		
153	On the bright side tomorrow\u2019s CHOCOLATE DAY #getexcited	0:0	0:0		
154	Imagine if this was clashing with tomorrow's Celebrity Big Brother launch though. I'd be so torn.	0:0	0:0		
155	Off to ER, for the Edinburgh Derby, c'mon the Hibs	0:0	0:0		
156	The verse of Kendrick Lamar on Black Friday.. Listen to that shit with a notebook	0:0	0:0		
157	Randy Orton is going to be in Lawton tomorrow	0:0	0:0		
158	Oomf is gay. He may not know it yet, but I do lol	0:0	0:0		
159	Delhi police says report about Sunanda Pushkar's death inconclusive: Delhi Police said Friday the forensic evi...	0:0	0:0		
160	Overall...tonight reconfirmed my love for nicki and why I never went back to side bangs after 7th grade	0:0	0:0		
161	Harper Lee's Go Set a Watchman comes out tomorrow, I just want to call into work so I can read it all day.	0:0	0:0		
162	@user @user Is Wednesday normally Cascades help day? I might want to make a trip at some point before January 21st.	0:0	0:0		
163	You just got to love Prince George Happy 2nd Birthday !! #princegeorge	0:0	0:0		
164	Yes it is. Bori practitioners have survived by not attempting to abandon Islam. So they blend in easily.	0:0	0:0		
165	AirAsia aborts deal to buy Indonesia's Batavia Air - Southeast Asia's top budget carrier AirAsia said Monday it has ...	0:0	0:0		
166	Happy Birthday George, you cutie. Royals celebrate Prince George's 2nd birthday via @user	0:0	0:0		
167	Frank Gifford, dies at 84 - The Washington Post. I worked with Frank way back at Wide World of Sports. Class Act. RIP	0:0	0:0		
168	Floyd Mayweather is heavy favourite to go 49-0 on the 12th. Bet on the fight here - #Boxing	0:0	0:0		
169	@user @user I'm watching the red carpet for Nicki mostly. They're gonna air the show tomorrow night so I might go to bed after	0:0	0:0		
170	Sumlin says he put Kyler Murray in for Kyle Allen during 1st half as a change of pace quarterback. That pace: Fast. Murray has some wheels	0:0	0:0		
171	My Friday: closet clean out\u002c furniture rearranging\u002c Al Green while taking a bath wrapping it all up with Downton Abbey. #lizlemon	0:0	0:0		
172	Happy birthday, Hank Williams. In honor if the Hank turning 88, we'll play 88 Hank songs in a row tonite @user #honkytonk	0:0	0:0		
173	Which is more interesting unveil tomorrow? $AAPL 6s, Ipad, TV or $TM new Prius? I'm going with Prius.	0:0	0:0		
174	Sitting 14th row for AC/DC tonight!! Let's go!	0:0	0:0		
175	Go Set a Watchman comes out tomorrow! Do you plan to read it?   I have to reread TKAM first, but then I definitely...	0:0	0:0		
176	"#RAW Aaaaaand Randy Orton becomes the 3rd person ever to pin Rusev. Whoever's booking Rusev should step down or resign."	0:0	0:0		
177	Something may be slightly amiss in the NFL when Tim Tebow &amp; Devon Still are cut &amp; Tom Brady is allowed to play.	0:0	0:0		
178	Shawn comes to Vegas the 18th or 19th &amp; I will go to the airport to meet him	0:0	0:0		
179	@user I thought it was the football team at 1st until I scrolled down and saw Trey Burke. Lol	0:0	0:0		
180	Muslims will assist Muslims into high positions in the UK.....I think we may be fucked guys.....	0:0	0:0		
181	@user Mate\u002c how are you lads enjoying Andy Carroll over there? Can we have him back in January? We\u2019re a bit desperate!	0:0	0:0		
182	A future Big Brother might be able to see you in the dark ..	0:0	0:0		
183	I\u2019m going to Roger Sanchez at Factory in Toronto\u002c Canada - Dec 7	0:0	0:0		
184	During nap time I will: watch the end of Hart of Dixie\u002c set up Activity Corner for tomorrow\u002c & study more genetics stuff. #hotdiggitydog	0:0	0:0		
185	@user @user @user I get it. You're like the caster version of Chuck Norris. You're just waiting for @user Championship Sunday	0:0	0:0		
186	My little brother comes home with nike elite socks and jordans, when i was in 6th grade i got wilson socks and clearance shoes from Olympia	0:0	0:0		
187	Rousey to fight former boxer - Mixed martial arts star Ronda Rousey said Friday she will face female boxer Holly H...	0:0	0:0		
188	Tomorrow at work, when people talk to me, I'm just going to slap my crotch and twerk in response. See if I get the same reaction Nicki did.	0:0	0:0		
189	@user   Maby cuz u are sooo good at bowling and they are now scared from u :p  They got sick from u taking the 1st place everytime	0:0	0:0		
190	BIG BANG CONCERT IS TOMORROW. OH MY LORD !! BOO HOO HOOOO )\u2019: *Cries all the 7 seas*	0:0	0:0		
191	" religious liberty is defined as religion that Bobby Jindal & Huckabee approve of. Read the constitution!"	0:0	0:0		
192	I don\u2019t doubt the 2nd coming will be in Jerusalem AND Missouri\u002c but when is it due?	0:0	0:0		
193	tomorrow I am going to see Sam Smith live and it still is not real to me	0:0	0:0		
194	rehearsing for Nov 6 \@MlTTR0MNEY: just called Jim Leyland to congratulate New York Giants on their victorious baseball match #SFGChamps #p2	0:0	0:0		
195	Bryan sophomore Mykenzi Greenler gets by a Redskins defender Wednesday in Port Clinton. The Golden Bears, the No....	0:0	0:0		
196	Josh Hamilton hits an RBI Double to give the Rangers a 4-2 lead in the 4th!! #Game106	0:0	0:0		
197	Happy 18th Birthday to my boy Kyle!!  Very proud of him!  I would definitely rate him in the top 4 of all my kids!  @user	0:0	0:0		
198	Best day and weekend trips from Seoul, by season: by Elizabeth EunThere's just so much to see in Seoul, it may t...	0:0	0:0		
199	Amazon Prime day is like going on the 3rd date with a gal, and when you finally get her panties off she got a dick!	0:0	0:0		
200	Nolan Arenado, Kris Bryant, Manny Machado and Miguel Sano are gonna won the 3rd base spot for the next 5-10 seasons	0:0	0:0		
201	December 5th could be the biggest UFC Card put together. Aldo &amp; McGregor, and Rousey as a co main event with her possibly fighting Cyborg.	0:0	0:0		
202	Where's the sun mommy? It's asleep like you should be But Harper's a moon mommy  Dammit kid.	0:0	0:0		
203	@user Im sure it will replay on NFL network tomorrow too.	0:0	0:0		
204	iPhone 6s Launch: More Details Leak Ahead of Apple's September 9 Event: iPhone 6s launch on Wednesday is just ...	0:0	0:0		
205	@user yep AC/DC tonight at Ford Field then on a plane Thursday to San Diego...	0:0	0:0		
206	What an Amazing Halloween Weekend! A lot of Great costumes! Can\u2019t wait for the big night This Wednesday! Underworld at Cinema!	0:0	0:0		
207	he's 2nd for me behind Danny Elfman who does all of the Tim Burton movies. i love the whimsical music	0:0	0:0		
208	@user Im gr8 jdog!Wouldnt say missing the gills,missing football! The eagles didnt have a good start eh?  Have you done sun dream team?	0:0	0:0		
209	Naruto is the 10th Nakama and would be the last Strawhat Crew. Just my opinion. Sorry.	0:0	0:0		
210	Support CEO Keith Bradshaw as he spends a night sleeping at Adelaide Oval on THURSDAY raising money for the homeless	0:0	0:0		
211	@user @user yes, download avaiable 30 aug, but after can't play. waiting 1 sep . you read this in PS4  after finish download. good luck	0:0	0:0		
212	Social Media Week is right now! Can you tell I\u2019m excited? #SMWVAN I\u2019ll be at the @user event tomorrow\u002c see you there!	0:0	0:0		
213	Rahul Gandhi the kid is planning jail bharo with all his supporters on 19 Dec. Great. The judge will have less trouble arriving at verdict.	0:0	0:0		
214	Babe get your free trial I want to see Beyonce live and Flatbush! @user	0:0	0:0		
215	@user I'm literally struggling as we speak--I'm traveling in March and I listen to soooo much KPop that it's past time!	0:0	0:0		
216	Did I just see what I think I did on @user Real Madrid signed a 7th old? #wow	0:0	0:0		
217	Honestly, lack of 3rd party support should have been expected. its not the company's fault for not siding with Nintendo	0:0	0:0		
218	Great sets as well by @user and @user We do it all again Sunday at Rock Im Park. @user @user	0:0	0:0		
219	I started #TheAmericans on Friday courtesy my vacationing cat-owning neighbors with Amazon Prime. Oops. Uh, I'm not paying Amazon myself.	0:0	0:0		
220	Next sunday I'm going to CiTY Nightclub just to hear @user play.	0:0	0:0		
221	@user May you please show How To Rock from episode 1 and so on.....i cant blieve theres no more how to rock	0:0	0:0		
223	The Kee to Bala just got Drizzy: Intimate concert in one of greatest venues with rapper @user this Saturday pm in #Muskoka's @user	0:0	0:0		
224	@user May favorite one EVER on iOS is Harbaugh, it autocorrects to Garbage	0:0	0:0		
225	Kevin said the race was like almost like a Sunday drive and he still beat Alonso and the Red Bulls lol	0:0	0:0		
226	Now I kinda regret not going to Bolder on Friday.  #fuckme	0:0	0:0		
227	Nymburk shouldn't start any more games without floor spacers on the wing position. Need Simmons out there. Raivio 6th man, just fine..	0:0	0:0		
228	White: UFC not going to Dallas in December, Rousey's next fight in Vegas via @user	0:0	0:0		
229	@user just sent you a request off the app. I'll get my PS4 on the 15th	0:0	0:0		
230	when I go to digi and get a pic with myles and jack G together both kidding my cheek, I may faint ... because that's my goal	0:0	0:0		
231	Anybody not taking the PSAT want to go to Original House of Pancakes tomorrow morning?	0:0	0:0		
232	Congratulations to 4th ranked WBO featherweight Orlando Cruz!  1st active boxer to come out of the closet. #courage	0:0	0:0		
233	Lol @ when Frank Ocean decides to lowkey drop his album on Spotify and say it was released June 30th  Shits fire tho	0:0	0:0		
234	MTV just played a music video. Heart Shaped Box by Nirvana. On a Saturday morning. That just happened!	0:0	0:0		
235	@user 25 March 1972: An IRA volunteer was killed when two IRA units engaged each other in error on the Springfield Road in Belfast.??	0:0	0:0		
236	Monday night RAW opens up with Paul Heyman and Brock Lesnar in the ring and Paul calling for a rematch.  Live...	0:0	0:0		
237	ENDS TOMORROW! Want to win $100 Visa + 5 copies of Paper Towns ? I just entered to win and you can too.	0:0	0:0		
238	LEAVING ON SUNDAY... But I still have a Jason Aldean ticket for $30!!! Let me know if ya want it	0:0	0:0		
239	This may be a fact!! RT @user Curtis painter will help the colts win their first game! U heard it here first!!!	0:0	0:0		
240	@user hahahahha fair play see u tomorrow we can tell the time and listen to bob marley together???	0:0	0:0		
241	@user fell asleep during Magic Mike XXL.....guess we are just gonna have to rewatch it tomorrow.....daaaarn	0:0	0:0		
242	@user most if not all of the sept 11th terrorists were from saudi arabia. they are part of the problem.	0:0	0:0		
243	"#RT The 3rd book in The Viking's Apprentice series has been released. Amazon users get it here #amreading"	0:0	0:0		
244	@user we just confirmed Nipsey Hussle Dec. 29th @user Hall tix on sale Friday!	0:0	0:0		
245	Iron Maiden tours video game history in 1st new single in five years. The graphics and feel of the games is so good	0:0	0:0		
246	Jets over spent on Decker and sat back like he was Aaron Rodgers	0:0	0:0		
247	Caitlyn Jenner's a new member of the T community -she is working for true self acceptance let's welcome her!	0:0	0:0		
248	Saturday movie reviews: Ant-man is fun & 'light while Woman' in Gold is tugs at the heart	0:0	0:0		
249	just sat in on Bruno Mars interviews	0:0	0:0		
250	I am gonna Meryl Streep the fuck out of this tomorrow	0:0	0:0		
251	@user the Charlie Hebdo killers were French, so there's a high possibility these are French too. May as well just shoot everyone...	0:0	0:0		
252	@user my host moms company had a gala on Monday and all of the Jonas brothers were there ;)	0:0	0:0		
253	If justin and shawn takes a picture tomorrow I will actually have it as my background picture till I die	0:0	0:0		
254	Vikings make sure you wear red tomorrow to show your Viking pride also at the game as well	0:0	0:0		
255	Just caught the end of TFI Friday. Chris Evans is like the Harold Zidler of Wetherspoons.	0:0	0:0		
256	Sorry for no video on Minecraft yesterday. It literally JUST UPLOADED! That video will be up on monday and i think you will enjoy it! :)	0:0	0:0		
257	I really just found out that Kim Kardashian and Kanye had their 2nd baby like 10 days ago. Where the hell have I been? LMAO	0:0	0:0		
258	@user just saw it advertising in the telly that The Big Bang Theory starts on the 23rd of October! #yas #TBBT #newseries	0:0	0:0		
259	@user tbh this game is bunk...I just wanna watch Monday's game with Messi	0:0	0:0		
260	High point. Ice Cube's son was the mvp of this movie. Whoever played Eazy should get 6th man of the year. Whoever casted Snoop shoot them.	0:0	0:0		
261	Don't forget to support your 2nd fav team tonight boys & girls :))) haha   Newcastle Utd v Bordeaux   ESPN 8pm #toon	0:0	0:0		
262	@user he promised to take me to Milan on Saturday but he didn't step up, hence why he's a fuckboy	0:0	0:0		
263	This Wednesday, beat the cold front @user with a celebration of George Harrison + The Beatles with Here Comes The Sun! Doors 7:30.	0:0	0:0		
264	@user @user @user @user :If she's like Michelle Obama that may not be true?	0:0	0:0		
265	Randy Orton may be leaving WWE if he doesn't get a part-time deal with them! #WWE	0:0	0:0		
266	the fact that we are going to be Sophia grace and rosie at the studio on tuesday makes me soo happy! @user #accents #cuties	0:0	0:0		
267	Little blurry but this is the crowd I play for every Thursday at Plan B with Madison\u2019s hottest DJ\u002c Brook Bartels	0:0	0:0		
268	Friday the 13th The Series is on Amazon Prime. See you all Monday	0:0	0:0		
269	I can't wait for Donald Trump to get elected president and then end the oath of office with 'live from New York', it's Saturday Night!	0:0	0:0		
270	Ben Lederman may well end up being the first American to play for Barca but, for the time being, it sounds like he's heading to Florida.	0:0	0:0		
271	No more Denean, Camp Airy tomorrow to see my friends, Dashboard on Sunday with @user and lunch Saturday with @user Yessss.	0:0	0:0		
272	I'm going to orientation naked tomorrow	0:0	0:0		
273	http://t.co/JJVDi4lW Wednesday's Featured Property of the Day is Knollwood Place Apartments, in...	0:0	0:0		
274	"#80s #Move Alert: Start your Friday with a Bang... no a Boom, Baby Boom is on @user family in 5min."	0:0	0:0		
275	Planned Parenthood admits it manipulates rules on fetal organ sales to maximize profit - Washington Times	0:0	0:0		
276	@user And it's like 1/10th as insane as it was in Dark Souls. I was like ''oh, is that all?'' lol	0:0	0:0		
277	1st time to watch PBA. Best Seat on the House!! Thanx sahia! =) @ SMART Araneta Coliseum	0:0	0:0		
278	Van Halen and LL Cool J talk about Michael Jackson (LMJ May 3rd 2013) via @user	0:0	0:0		
279	MTA agent to me: \''This card has been damanged since yesterday morning.\'' Me: \''But I used it last night.\'' MTA: \''No you didn't.\	0:0	0:0		
280	Thank you @user @user May God bless and keep our friends and allies in Israel.	0:0	0:0		
281	Followed by Friday up to Redcar to watch Sumer Stroll who if it stays dry will have a belting chance to notch another win. Ventura a danger	0:0	0:0		
282	Going to be heading out tomorrow to check out the Earth Festival in Davis #ImNotAHippie	0:0	0:0		
283	Danee better still match with me tomorrow .	0:0	0:0		
284	I still think they should have let Nicki continue what she was going to say rather then cut her off cuz it may hurt Miley's feelings	0:0	0:0		
285	@user I smirked, I promise not to tease you about it tomorrow lol. Same, lots of Bad Blood though.	0:0	0:0		
286	School is over and it's Friday I love life	0:0	0:0		
287	@user I keep 2 cells. 2nd one is the lovely Katbonn K9. Available for under 1.5k. Value for money. Feels like old Nokia. Solid battery.	0:0	0:0		
288	I went crazy when @user went on that run &amp; @user scored &amp; I was sat in the Milan end! #WhatANight	0:0	0:0		
289	Enjoy the 3rd day of Eid with great relish:)	0:0	0:0		
290	September 8: [More] Justin spotted out and about in New York...	0:0	0:0		
291	Downloading Duels for iPad now.  Finally magic on the perfect device.  I may never play MTGO again. #dotp2013	0:0	0:0		
292	@user may I have an industrial revolution code for my pre-order of Bioshock Infinite? I got one from the store but cant redeem.	0:0	0:0		
293	@user would absolutely Now you are coming on MAY 14th. I love you #MTVStars The Vamps	0:0	0:0		
294	Cowboys game this sunday and I dont even like the cowboys lol	0:0	0:0		
295	Hillary whacker @user rehashes the same article he wrote 6 weeks ago. NOT ONE new fact in Sept 7 piece.	0:0	0:0		
296	I saw this during the 1st season of Game of Thrones, so it's not technically their 1st kiss #bb17	0:0	0:0		
297	@user Bummed We don't get to see Arrow until Saturday because of the Chicago Bulls game.	0:0	0:0		
298	ALSO GOOD NEWS  i'm going to go see Ant-Man tomorrow /twerktwerk	0:0	0:0		
299	May or may not be getting ready to watch the very first season EVER of Big Brother. @user I'm so ready to see what Julie looks like!	0:0	0:0		
300	why is Chris Bosh so fuckin\u2019 ugly -__- the world may never know.	0:0	0:0		
301	My heart hurts I really need to shawn when he goes on my bday to Texas in October I hope I find tickets some how:(	0:0	0:0		
302	RT @user Sanchez didn't know Plax would sneak in for a play yesterday. \I wish I would have hit him,\ he said. Got pressured by D #nyj	0:0	0:0		
303	n VOW is likely to return from a midsummer break in the Prix de Royallieu at Longchamp on Saturday.: Trainer Wil...	0:0	0:0		
304	I saw Paper Towns on Friday with some friends and it was AMAZING! It might have been different from the book but I absolutely loved it!! :D	0:0	0:0		
305	@user June:) Isn't that the one with the outfits from Styled To Rock?	0:0	0:0		
306	srsly tho, there has never ever been a pic in Kpop that made same impact on me - 1st time seeing it - as this cover	0:0	0:0		
307	Thursday is National Hot Dog Day! JE will be serving hot dogs to our staff &amp; raising $ for United Way of Manatee! How are you celebrating?	0:0	0:0		
308	So here I am, 00:30 in the morning sat looking for updates on the situation on Twitter and Madonna, material world comes on. Brilliant	0:0	0:0		
309	Kris Bryant with his 15th HR of this season!!! #Cubs lead 3-2.	0:0	0:0		
311	The mantra from Republicans to Democrats today is, 'if you don't like our plan, then where is your plan\ The mantra from Republicans t...	0:0	0:0		
312	Live:Supreme Court approved the death warrant,Yakub will be hanged tomorrow at 7 am in Nagpur Jail@PranabMukherjee@PMNarendraModi	0:0	0:0		
313	@user @user another center? Gagner is a good cheap 2nd line option that we can afford and keep the kids.	0:0	0:0		
314	explosive resistant passports!!! Charlie Hebdo shootings left ID card in the car. 9/11 plane hijacker's passports found. Paris c'mon.	0:0	0:0		
315	If you think Nicki's ass is more than 1/8th real you are fuuucked	0:0	0:0		
316	Rick Perry a certified moron  - he's the real cancer to use his words - not Trump  via @user	0:0	0:0		
317	@user obama's goal is to lead us into 3rd world status, so you're absolutely right, \obama doesn't care\	0:0	0:0		
318	Biggest game of the match. Even bigger than the 3rd set tie-break. Murray simply had to hold. Please Andy.	0:0	0:0		
319	@user is it just me or does \Danny\ seem a lot like Billy Crystal in the first 1/3rd of When Harry Met Sally?	0:0	0:0		
320	Yeah well done dickhead so the IRA and KKK are Muslim #narrowmindedprick	0:0	0:0		
321	in other news I'm going to Disneyland tomorrow	0:0	0:0		
322	Why would you not want to spend all Sunday at a Youth Soccer turnament? Mequon cup Baby. (4100 W Highland Road 128N)	0:0	0:0		
323	Dear Naked Cyclists, I will not support your campaign if you are putting your sweaty bits on Boris Bikes!	0:0	0:0		
324	We have just won our 1st match in the MYSA international girls tournament! Go girls go	0:0	0:0		
325	@user I know you're gonna rock the fan's tomorrow... why because you're Katy Perry #nocommet	0:0	0:0		
